{"polyfill":["/polyfill-4272d9ec50f8677e7993.js"],"app":["/app-6499850fbddeab3d2b64.js"],"component---src-pages-forms-js":["/component---src-pages-forms-js-eb2aa598ecb2ba0a45e3.js"],"component---src-pages-index-js":["/component---src-pages-index-js-d6ee524f940feb5cf67f.js"],"component---src-pages-privacy-policy-js":["/component---src-pages-privacy-policy-js-b9125e93b11b147e8ae6.js"],"component---src-pages-resources-js":["/component---src-pages-resources-js-b07e7411dac00929b6b7.js"],"component---src-pages-term-of-use-js":["/component---src-pages-term-of-use-js-c0c10cc42674d0408642.js"],"component---src-pages-welcome-js":["/component---src-pages-welcome-js-edae693902ed50d87799.js"]}