{"errors":[],"warnings":["chunk styles [mini-css-extract-plugin]\nConflicting order. Following module has been added:\n * css ./node_modules/css-loader??ref--13-oneOf-0-1!./node_modules/postcss-loader/src??postcss-4!./node_modules/sass-loader/dist/cjs.js??ref--13-oneOf-0-3!./src/components/header.module.scss\ndespite it was not able to fulfill desired ordering with these modules:\n * css ./node_modules/css-loader??ref--13-oneOf-0-1!./node_modules/postcss-loader/src??postcss-4!./node_modules/sass-loader/dist/cjs.js??ref--13-oneOf-0-3!./src/components/layout.module.scss\n   - couldn't fulfill desired order of chunk group(s) component---src-pages-resources-js\n   - while fulfilling desired order of chunk group(s) component---src-pages-forms-js, component---src-pages-index-js, component---src-pages-privacy-policy-js, component---src-pages-term-of-use-js, component---src-pages-welcome-js","chunk styles [mini-css-extract-plugin]\nConflicting order. Following module has been added:\n * css ./node_modules/css-loader??ref--13-oneOf-0-1!./node_modules/postcss-loader/src??postcss-4!./node_modules/sass-loader/dist/cjs.js??ref--13-oneOf-0-3!./src/components/footer.module.scss\ndespite it was not able to fulfill desired ordering with these modules:\n * css ./node_modules/css-loader??ref--13-oneOf-0-1!./node_modules/postcss-loader/src??postcss-4!./node_modules/sass-loader/dist/cjs.js??ref--13-oneOf-0-3!./src/components/layout.module.scss\n   - couldn't fulfill desired order of chunk group(s) component---src-pages-resources-js\n   - while fulfilling desired order of chunk group(s) component---src-pages-forms-js, component---src-pages-index-js, component---src-pages-privacy-policy-js, component---src-pages-term-of-use-js, component---src-pages-welcome-js","chunk styles [mini-css-extract-plugin]\nConflicting order. Following module has been added:\n * css ./node_modules/css-loader??ref--13-oneOf-0-1!./node_modules/postcss-loader/src??postcss-4!./node_modules/sass-loader/dist/cjs.js??ref--13-oneOf-0-3!./src/components/layout.module.scss\ndespite it was not able to fulfill desired ordering with these modules:\n * css ./node_modules/css-loader??ref--13-oneOf-1-1!./node_modules/postcss-loader/src??postcss-3!./node_modules/sass-loader/dist/cjs.js??ref--13-oneOf-1-3!./src/styles/index.scss\n   - couldn't fulfill desired order of chunk group(s) component---src-pages-index-js\n   - while fulfilling desired order of chunk group(s) component---src-pages-forms-js, component---src-pages-privacy-policy-js, component---src-pages-resources-js, component---src-pages-term-of-use-js, component---src-pages-welcome-js"],"namedChunkGroups":{"polyfill":{"chunks":[2,11],"assets":["webpack-runtime-4828deb1d7ef910ca084.js","webpack-runtime-4828deb1d7ef910ca084.js.map","polyfill-4272d9ec50f8677e7993.js","polyfill-4272d9ec50f8677e7993.js.map"],"children":{},"childAssets":{}},"app":{"chunks":[2,10,3],"assets":["webpack-runtime-4828deb1d7ef910ca084.js","webpack-runtime-4828deb1d7ef910ca084.js.map","framework-445649399d1c721f1f74.js","framework-445649399d1c721f1f74.js.map","app-6499850fbddeab3d2b64.js","app-6499850fbddeab3d2b64.js.map"],"children":{},"childAssets":{}},"component---src-pages-forms-js":{"chunks":[0,1,4],"assets":["styles.4f2fc511bbcebd9bd287.css","styles-407fe62976dc5310c43e.js","styles-407fe62976dc5310c43e.js.map","3ea3e2a9498be7459831205b2672c6f5dfc9af84-461d27edf8eebdb7dbc7.js","3ea3e2a9498be7459831205b2672c6f5dfc9af84-461d27edf8eebdb7dbc7.js.map","component---src-pages-forms-js-eb2aa598ecb2ba0a45e3.js","component---src-pages-forms-js-eb2aa598ecb2ba0a45e3.js.map"],"children":{},"childAssets":{}},"component---src-pages-index-js":{"chunks":[0,5],"assets":["styles.4f2fc511bbcebd9bd287.css","styles-407fe62976dc5310c43e.js","styles-407fe62976dc5310c43e.js.map","component---src-pages-index-js-d6ee524f940feb5cf67f.js","component---src-pages-index-js-d6ee524f940feb5cf67f.js.map"],"children":{},"childAssets":{}},"component---src-pages-privacy-policy-js":{"chunks":[0,1,6],"assets":["styles.4f2fc511bbcebd9bd287.css","styles-407fe62976dc5310c43e.js","styles-407fe62976dc5310c43e.js.map","3ea3e2a9498be7459831205b2672c6f5dfc9af84-461d27edf8eebdb7dbc7.js","3ea3e2a9498be7459831205b2672c6f5dfc9af84-461d27edf8eebdb7dbc7.js.map","component---src-pages-privacy-policy-js-b9125e93b11b147e8ae6.js","component---src-pages-privacy-policy-js-b9125e93b11b147e8ae6.js.map"],"children":{},"childAssets":{}},"component---src-pages-resources-js":{"chunks":[0,1,7],"assets":["styles.4f2fc511bbcebd9bd287.css","styles-407fe62976dc5310c43e.js","styles-407fe62976dc5310c43e.js.map","3ea3e2a9498be7459831205b2672c6f5dfc9af84-461d27edf8eebdb7dbc7.js","3ea3e2a9498be7459831205b2672c6f5dfc9af84-461d27edf8eebdb7dbc7.js.map","component---src-pages-resources-js-b07e7411dac00929b6b7.js","component---src-pages-resources-js-b07e7411dac00929b6b7.js.map"],"children":{},"childAssets":{}},"component---src-pages-term-of-use-js":{"chunks":[0,1,8],"assets":["styles.4f2fc511bbcebd9bd287.css","styles-407fe62976dc5310c43e.js","styles-407fe62976dc5310c43e.js.map","3ea3e2a9498be7459831205b2672c6f5dfc9af84-461d27edf8eebdb7dbc7.js","3ea3e2a9498be7459831205b2672c6f5dfc9af84-461d27edf8eebdb7dbc7.js.map","component---src-pages-term-of-use-js-c0c10cc42674d0408642.js","component---src-pages-term-of-use-js-c0c10cc42674d0408642.js.map"],"children":{},"childAssets":{}},"component---src-pages-welcome-js":{"chunks":[0,1,9],"assets":["styles.4f2fc511bbcebd9bd287.css","styles-407fe62976dc5310c43e.js","styles-407fe62976dc5310c43e.js.map","3ea3e2a9498be7459831205b2672c6f5dfc9af84-461d27edf8eebdb7dbc7.js","3ea3e2a9498be7459831205b2672c6f5dfc9af84-461d27edf8eebdb7dbc7.js.map","component---src-pages-welcome-js-edae693902ed50d87799.js","component---src-pages-welcome-js-edae693902ed50d87799.js.map"],"children":{},"childAssets":{}}},"assetsByChunkName":{"polyfill":["webpack-runtime-4828deb1d7ef910ca084.js","polyfill-4272d9ec50f8677e7993.js"],"app":["webpack-runtime-4828deb1d7ef910ca084.js","framework-445649399d1c721f1f74.js","app-6499850fbddeab3d2b64.js"],"component---src-pages-forms-js":["styles.4f2fc511bbcebd9bd287.css","styles-407fe62976dc5310c43e.js","3ea3e2a9498be7459831205b2672c6f5dfc9af84-461d27edf8eebdb7dbc7.js","component---src-pages-forms-js-eb2aa598ecb2ba0a45e3.js"],"component---src-pages-index-js":["styles.4f2fc511bbcebd9bd287.css","styles-407fe62976dc5310c43e.js","component---src-pages-index-js-d6ee524f940feb5cf67f.js"],"component---src-pages-privacy-policy-js":["styles.4f2fc511bbcebd9bd287.css","styles-407fe62976dc5310c43e.js","3ea3e2a9498be7459831205b2672c6f5dfc9af84-461d27edf8eebdb7dbc7.js","component---src-pages-privacy-policy-js-b9125e93b11b147e8ae6.js"],"component---src-pages-resources-js":["styles.4f2fc511bbcebd9bd287.css","styles-407fe62976dc5310c43e.js","3ea3e2a9498be7459831205b2672c6f5dfc9af84-461d27edf8eebdb7dbc7.js","component---src-pages-resources-js-b07e7411dac00929b6b7.js"],"component---src-pages-term-of-use-js":["styles.4f2fc511bbcebd9bd287.css","styles-407fe62976dc5310c43e.js","3ea3e2a9498be7459831205b2672c6f5dfc9af84-461d27edf8eebdb7dbc7.js","component---src-pages-term-of-use-js-c0c10cc42674d0408642.js"],"component---src-pages-welcome-js":["styles.4f2fc511bbcebd9bd287.css","styles-407fe62976dc5310c43e.js","3ea3e2a9498be7459831205b2672c6f5dfc9af84-461d27edf8eebdb7dbc7.js","component---src-pages-welcome-js-edae693902ed50d87799.js"]}}